distance_min,distance_max,distance_mean,distance_delta,mindistance_min,mindistance_max,mindistance_mean,mindistance_delta,presence
16.066666666666666,224.87843137254902,83.36764705882342,0.0,13.050980392156863,13.050980392156863,13.05098039215684,0.0,1
47.188235294117646,226.8862745098039,219.40717647058787,-5.019607843137258,13.050980392156863,13.050980392156863,13.05098039215684,0.0,0
